{
  "/data/zihao/reward/video/t2v_latents_1.pt": 17.40389633178711,
  "/data/zihao/reward/video/t2v_latents_2.pt": 19.619504928588867,
  "/data/zihao/reward/video/t2v_latents_3.pt": 18.656391143798828,
  "/data/zihao/reward/video/t2v_latents_4.pt": 18.118560791015625,
  "/data/zihao/reward/video/t2v_latents_5.pt": 18.17938804626465,
  "/data/zihao/reward/video/t2v_latents_6.pt": 22.588756561279297,
  "/data/zihao/reward/video/t2v_latents_7.pt": 28.689167022705078,
  "/data/zihao/reward/video/t2v_latents_8.pt": 24.221454620361328,
  "/data/zihao/reward/video/t2v_latents_9.pt": 29.089618682861328,
  "/data/zihao/reward/video/t2v_latents_10.pt": 22.084793090820312,
  "/data/zihao/reward/video/t2v_latents_11.pt": 11.014204025268555,
  "/data/zihao/reward/video/t2v_latents_12.pt": 29.73508071899414,
  "/data/zihao/reward/video/t2v_latents_13.pt": 30.482866287231445,
  "/data/zihao/reward/video/t2v_latents_14.pt": 25.014528274536133,
  "/data/zihao/reward/video/t2v_latents_15.pt": 25.486568450927734,
  "/data/zihao/reward/video/t2v_latents_16.pt": 25.79123306274414,
  "/data/zihao/reward/video/t2v_latents_17.pt": 31.60051727294922,
  "/data/zihao/reward/video/t2v_latents_18.pt": 25.135820388793945,
  "/data/zihao/reward/video/t2v_latents_19.pt": 21.71173667907715,
  "/data/zihao/reward/video/t2v_latents_20.pt": 28.46038055419922
}